[{"model": "admin.logentry", "pk": 151, "fields": {"action_time": "2025-01-27T11:50:50.557Z", "user": 21, "content_type": 6, "object_id": "20", "object_repr": "asasdfdfasdf@asdfsdf.de", "action_flag": 3, "change_message": ""}}, {"model": "admin.logentry", "pk": 152, "fields": {"action_time": "2025-01-27T11:50:50.557Z", "user": 21, "content_type": 6, "object_id": "19", "object_repr": "asddfasdf@asdfsdf.de", "action_flag": 3, "change_message": ""}}, {"model": "admin.logentry", "pk": 153, "fields": {"action_time": "2025-01-27T11:50:50.557Z", "user": 21, "content_type": 6, "object_id": "18", "object_repr": "asdfasdasdf@asdfsdf.de", "action_flag": 3, "change_message": ""}}, {"model": "admin.logentry", "pk": 154, "fields": {"action_time": "2025-01-27T11:50:50.557Z", "user": 21, "content_type": 6, "object_id": "17", "object_repr": "asasdfasdfasdfdfasdf@asdfsdf.de", "action_flag": 3, "change_message": ""}}, {"model": "admin.logentry", "pk": 155, "fields": {"action_time": "2025-01-27T11:50:50.557Z", "user": 21, "content_type": 6, "object_id": "16", "object_repr": "asdasdfasfdfasdf@asdfsdf.de", "action_flag": 3, "change_message": ""}}, {"model": "admin.logentry", "pk": 156, "fields": {"action_time": "2025-01-27T11:50:50.557Z", "user": 21, "content_type": 6, "object_id": "15", "object_repr": "user@example.com", "action_flag": 3, "change_message": ""}}, {"model": "admin.logentry", "pk": 157, "fields": {"action_time": "2025-01-27T11:51:11.451Z", "user": 21, "content_type": 6, "object_id": "22", "object_repr": "test@test.de", "action_flag": 1, "change_message": "[{\"added\": {}}]"}}, {"model": "admin.logentry", "pk": 158, "fields": {"action_time": "2025-01-27T11:55:57.713Z", "user": 21, "content_type": 6, "object_id": "23", "object_repr": "best@best.de", "action_flag": 2, "change_message": "[{\"changed\": {\"fields\": [\"Color\"]}}]"}}, {"model": "admin.logentry", "pk": 159, "fields": {"action_time": "2025-01-27T13:12:36.088Z", "user": 21, "content_type": 15, "object_id": "1", "object_repr": "abbbbb", "action_flag": 1, "change_message": "[{\"added\": {}}]"}}, {"model": "admin.logentry", "pk": 160, "fields": {"action_time": "2025-01-27T13:14:17.797Z", "user": 21, "content_type": 9, "object_id": "89", "object_repr": "test", "action_flag": 2, "change_message": "[{\"changed\": {\"fields\": [\"Members\"]}}]"}}, {"model": "admin.logentry", "pk": 161, "fields": {"action_time": "2025-01-27T13:14:37.825Z", "user": 21, "content_type": 15, "object_id": "1", "object_repr": "abbbbb", "action_flag": 2, "change_message": "[{\"changed\": {\"fields\": [\"User\"]}}]"}}, {"model": "admin.logentry", "pk": 162, "fields": {"action_time": "2025-01-27T13:16:48.160Z", "user": 21, "content_type": 15, "object_id": "1", "object_repr": "abbbbb", "action_flag": 2, "change_message": "[{\"changed\": {\"fields\": [\"Avatar\"]}}]"}}, {"model": "admin.logentry", "pk": 163, "fields": {"action_time": "2025-01-27T13:18:39.198Z", "user": 21, "content_type": 15, "object_id": "1", "object_repr": "abbbbb", "action_flag": 2, "change_message": "[{\"changed\": {\"fields\": [\"User\"]}}]"}}, {"model": "admin.logentry", "pk": 164, "fields": {"action_time": "2025-01-27T13:18:53.660Z", "user": 21, "content_type": 15, "object_id": "1", "object_repr": "abbbbb", "action_flag": 2, "change_message": "[]"}}, {"model": "admin.logentry", "pk": 165, "fields": {"action_time": "2025-01-27T13:20:10.206Z", "user": 21, "content_type": 15, "object_id": "1", "object_repr": "abbbbb", "action_flag": 2, "change_message": "[{\"changed\": {\"fields\": [\"User\"]}}]"}}, {"model": "admin.logentry", "pk": 166, "fields": {"action_time": "2025-01-27T14:13:34.284Z", "user": 21, "content_type": 6, "object_id": "22", "object_repr": "test@test.de", "action_flag": 2, "change_message": "[{\"changed\": {\"fields\": [\"Color\"]}}]"}}, {"model": "admin.logentry", "pk": 167, "fields": {"action_time": "2025-01-27T14:14:11.304Z", "user": 21, "content_type": 6, "object_id": "21", "object_repr": "dogancelik86@gmail.com", "action_flag": 2, "change_message": "[{\"changed\": {\"fields\": [\"Color\"]}}]"}}, {"model": "admin.logentry", "pk": 168, "fields": {"action_time": "2025-01-27T14:14:18.452Z", "user": 21, "content_type": 15, "object_id": "1", "object_repr": "abbbbb", "action_flag": 2, "change_message": "[{\"changed\": {\"fields\": [\"Color\"]}}]"}}, {"model": "admin.logentry", "pk": 169, "fields": {"action_time": "2025-01-27T14:14:35.563Z", "user": 21, "content_type": 14, "object_id": "5", "object_repr": "asdddd", "action_flag": 3, "change_message": ""}}, {"model": "admin.logentry", "pk": 170, "fields": {"action_time": "2025-01-27T14:14:35.563Z", "user": 21, "content_type": 14, "object_id": "4", "object_repr": "asdfdfsdf", "action_flag": 3, "change_message": ""}}, {"model": "admin.logentry", "pk": 171, "fields": {"action_time": "2025-01-27T14:14:35.563Z", "user": 21, "content_type": 14, "object_id": "3", "object_repr": "asdfasdf", "action_flag": 3, "change_message": ""}}, {"model": "admin.logentry", "pk": 172, "fields": {"action_time": "2025-01-27T14:14:35.563Z", "user": 21, "content_type": 14, "object_id": "2", "object_repr": "tttt", "action_flag": 3, "change_message": ""}}, {"model": "admin.logentry", "pk": 173, "fields": {"action_time": "2025-01-27T14:14:35.563Z", "user": 21, "content_type": 14, "object_id": "1", "object_repr": "test", "action_flag": 3, "change_message": ""}}, {"model": "admin.logentry", "pk": 174, "fields": {"action_time": "2025-01-27T15:42:53.178Z", "user": 21, "content_type": 14, "object_id": "7", "object_repr": "Alice Blue", "action_flag": 1, "change_message": "[{\"added\": {}}]"}}, {"model": "admin.logentry", "pk": 175, "fields": {"action_time": "2025-01-27T15:43:05.275Z", "user": 21, "content_type": 14, "object_id": "8", "object_repr": "Antique White", "action_flag": 1, "change_message": "[{\"added\": {}}]"}}, {"model": "admin.logentry", "pk": 176, "fields": {"action_time": "2025-01-27T15:43:48.932Z", "user": 21, "content_type": 14, "object_id": "9", "object_repr": "Aqua", "action_flag": 1, "change_message": "[{\"added\": {}}]"}}, {"model": "admin.logentry", "pk": 177, "fields": {"action_time": "2025-01-27T15:43:58.863Z", "user": 21, "content_type": 14, "object_id": "10", "object_repr": "Aquamarine", "action_flag": 1, "change_message": "[{\"added\": {}}]"}}, {"model": "admin.logentry", "pk": 178, "fields": {"action_time": "2025-01-27T15:44:07.654Z", "user": 21, "content_type": 14, "object_id": "11", "object_repr": "Azure", "action_flag": 1, "change_message": "[{\"added\": {}}]"}}, {"model": "admin.logentry", "pk": 179, "fields": {"action_time": "2025-01-27T15:44:20.142Z", "user": 21, "content_type": 14, "object_id": "12", "object_repr": "Beige", "action_flag": 1, "change_message": "[{\"added\": {}}]"}}, {"model": "admin.logentry", "pk": 180, "fields": {"action_time": "2025-01-27T15:44:26.766Z", "user": 21, "content_type": 14, "object_id": "13", "object_repr": "Bisque", "action_flag": 1, "change_message": "[{\"added\": {}}]"}}, {"model": "admin.logentry", "pk": 181, "fields": {"action_time": "2025-01-27T15:44:46.119Z", "user": 21, "content_type": 14, "object_id": "14", "object_repr": "Blanched Almond", "action_flag": 1, "change_message": "[{\"added\": {}}]"}}, {"model": "admin.logentry", "pk": 182, "fields": {"action_time": "2025-01-27T15:44:53.093Z", "user": 21, "content_type": 14, "object_id": "15", "object_repr": "Blue Violet", "action_flag": 1, "change_message": "[{\"added\": {}}]"}}, {"model": "admin.logentry", "pk": 183, "fields": {"action_time": "2025-01-27T15:45:00.522Z", "user": 21, "content_type": 14, "object_id": "16", "object_repr": "Brown", "action_flag": 1, "change_message": "[{\"added\": {}}]"}}, {"model": "admin.logentry", "pk": 184, "fields": {"action_time": "2025-01-27T15:45:09.070Z", "user": 21, "content_type": 14, "object_id": "17", "object_repr": "Burlywood", "action_flag": 1, "change_message": "[{\"added\": {}}]"}}, {"model": "admin.logentry", "pk": 185, "fields": {"action_time": "2025-01-27T15:45:19.359Z", "user": 21, "content_type": 14, "object_id": "18", "object_repr": "Cadet Blue", "action_flag": 1, "change_message": "[{\"added\": {}}]"}}, {"model": "admin.logentry", "pk": 186, "fields": {"action_time": "2025-01-27T15:45:23.516Z", "user": 21, "content_type": 14, "object_id": "19", "object_repr": "Chartreuse", "action_flag": 1, "change_message": "[{\"added\": {}}]"}}, {"model": "admin.logentry", "pk": 187, "fields": {"action_time": "2025-01-27T15:45:30.402Z", "user": 21, "content_type": 14, "object_id": "20", "object_repr": "Chocolate", "action_flag": 1, "change_message": "[{\"added\": {}}]"}}, {"model": "admin.logentry", "pk": 188, "fields": {"action_time": "2025-01-27T15:45:36.938Z", "user": 21, "content_type": 14, "object_id": "21", "object_repr": "Coral", "action_flag": 1, "change_message": "[{\"added\": {}}]"}}, {"model": "admin.logentry", "pk": 189, "fields": {"action_time": "2025-01-27T15:45:46.790Z", "user": 21, "content_type": 14, "object_id": "22", "object_repr": "Cornflower Blue", "action_flag": 1, "change_message": "[{\"added\": {}}]"}}, {"model": "admin.logentry", "pk": 190, "fields": {"action_time": "2025-01-27T15:45:55.259Z", "user": 21, "content_type": 14, "object_id": "23", "object_repr": "Cornsilk", "action_flag": 1, "change_message": "[{\"added\": {}}]"}}, {"model": "admin.logentry", "pk": 191, "fields": {"action_time": "2025-01-27T15:46:04.062Z", "user": 21, "content_type": 14, "object_id": "24", "object_repr": "Crimson", "action_flag": 1, "change_message": "[{\"added\": {}}]"}}, {"model": "admin.logentry", "pk": 192, "fields": {"action_time": "2025-01-27T15:46:16.115Z", "user": 21, "content_type": 14, "object_id": "25", "object_repr": "Cyan", "action_flag": 1, "change_message": "[{\"added\": {}}]"}}, {"model": "admin.logentry", "pk": 193, "fields": {"action_time": "2025-01-27T15:46:21.999Z", "user": 21, "content_type": 14, "object_id": "26", "object_repr": "Dark Blue", "action_flag": 1, "change_message": "[{\"added\": {}}]"}}, {"model": "admin.logentry", "pk": 194, "fields": {"action_time": "2025-01-27T15:46:30.325Z", "user": 21, "content_type": 14, "object_id": "27", "object_repr": "Dark Cyan", "action_flag": 1, "change_message": "[{\"added\": {}}]"}}, {"model": "admin.logentry", "pk": 195, "fields": {"action_time": "2025-01-27T15:46:37.626Z", "user": 21, "content_type": 14, "object_id": "28", "object_repr": "Dark Goldenrod", "action_flag": 1, "change_message": "[{\"added\": {}}]"}}, {"model": "admin.logentry", "pk": 196, "fields": {"action_time": "2025-01-27T15:46:46.156Z", "user": 21, "content_type": 14, "object_id": "29", "object_repr": "Dark Gray", "action_flag": 1, "change_message": "[{\"added\": {}}]"}}, {"model": "admin.logentry", "pk": 197, "fields": {"action_time": "2025-01-27T15:46:53.626Z", "user": 21, "content_type": 14, "object_id": "30", "object_repr": "Dark Green", "action_flag": 1, "change_message": "[{\"added\": {}}]"}}, {"model": "admin.logentry", "pk": 198, "fields": {"action_time": "2025-01-27T15:47:04.627Z", "user": 21, "content_type": 14, "object_id": "31", "object_repr": "Dark Khaki", "action_flag": 1, "change_message": "[{\"added\": {}}]"}}, {"model": "admin.logentry", "pk": 199, "fields": {"action_time": "2025-01-27T15:47:10.997Z", "user": 21, "content_type": 14, "object_id": "32", "object_repr": "Dark Magenta", "action_flag": 1, "change_message": "[{\"added\": {}}]"}}, {"model": "admin.logentry", "pk": 200, "fields": {"action_time": "2025-01-27T15:47:20.333Z", "user": 21, "content_type": 14, "object_id": "33", "object_repr": "Dark Olive Green", "action_flag": 1, "change_message": "[{\"added\": {}}]"}}, {"model": "admin.logentry", "pk": 201, "fields": {"action_time": "2025-01-27T15:47:27.689Z", "user": 21, "content_type": 14, "object_id": "34", "object_repr": "Dark Orange", "action_flag": 1, "change_message": "[{\"added\": {}}]"}}, {"model": "admin.logentry", "pk": 202, "fields": {"action_time": "2025-01-27T15:50:13.288Z", "user": 21, "content_type": 6, "object_id": "21", "object_repr": "dogancelik86@gmail.com", "action_flag": 2, "change_message": "[]"}}, {"model": "admin.logentry", "pk": 203, "fields": {"action_time": "2025-01-27T15:56:01.947Z", "user": 21, "content_type": 15, "object_id": "1", "object_repr": "abbbbb", "action_flag": 2, "change_message": "[{\"changed\": {\"fields\": [\"Color\"]}}]"}}, {"model": "admin.logentry", "pk": 204, "fields": {"action_time": "2025-01-27T15:56:12.447Z", "user": 21, "content_type": 6, "object_id": "23", "object_repr": "best@best.de", "action_flag": 2, "change_message": "[{\"changed\": {\"fields\": [\"Color\"]}}]"}}, {"model": "admin.logentry", "pk": 205, "fields": {"action_time": "2025-01-27T15:56:25.759Z", "user": 21, "content_type": 6, "object_id": "21", "object_repr": "dogancelik86@gmail.com", "action_flag": 2, "change_message": "[{\"changed\": {\"fields\": [\"Color\"]}}]"}}, {"model": "admin.logentry", "pk": 206, "fields": {"action_time": "2025-01-27T16:01:39.728Z", "user": 21, "content_type": 15, "object_id": "1", "object_repr": "abbbbb", "action_flag": 3, "change_message": ""}}, {"model": "admin.logentry", "pk": 207, "fields": {"action_time": "2025-01-27T17:39:29.625Z", "user": 21, "content_type": 14, "object_id": "7", "object_repr": "Alice Blue", "action_flag": 2, "change_message": "[{\"changed\": {\"fields\": [\"Hex value\"]}}]"}}, {"model": "admin.logentry", "pk": 208, "fields": {"action_time": "2025-01-27T17:41:15.930Z", "user": 21, "content_type": 14, "object_id": "7", "object_repr": "Sky Blue", "action_flag": 2, "change_message": "[{\"changed\": {\"fields\": [\"Name\", \"Hex value\"]}}]"}}, {"model": "admin.logentry", "pk": 209, "fields": {"action_time": "2025-01-27T17:41:58.493Z", "user": 21, "content_type": 15, "object_id": "4", "object_repr": "abaabasdfbbb", "action_flag": 2, "change_message": "[{\"changed\": {\"fields\": [\"Email\"]}}]"}}, {"model": "admin.logentry", "pk": 210, "fields": {"action_time": "2025-01-27T17:42:07.727Z", "user": 21, "content_type": 15, "object_id": "3", "object_repr": "abaabbbb", "action_flag": 2, "change_message": "[{\"changed\": {\"fields\": [\"Email\", \"Avatar\"]}}]"}}, {"model": "admin.logentry", "pk": 211, "fields": {"action_time": "2025-01-28T17:21:00.795Z", "user": 21, "content_type": 11, "object_id": "1", "object_repr": "Category Test", "action_flag": 1, "change_message": "[{\"added\": {}}]"}}, {"model": "admin.logentry", "pk": 212, "fields": {"action_time": "2025-01-29T16:39:32.549Z", "user": 21, "content_type": 9, "object_id": "92", "object_repr": "asdf", "action_flag": 3, "change_message": ""}}, {"model": "admin.logentry", "pk": 213, "fields": {"action_time": "2025-01-29T16:39:32.549Z", "user": 21, "content_type": 9, "object_id": "90", "object_repr": "asdf", "action_flag": 3, "change_message": ""}}, {"model": "admin.logentry", "pk": 214, "fields": {"action_time": "2025-01-29T16:39:32.549Z", "user": 21, "content_type": 9, "object_id": "89", "object_repr": "test", "action_flag": 3, "change_message": ""}}, {"model": "admin.logentry", "pk": 215, "fields": {"action_time": "2025-01-29T16:39:59.601Z", "user": 21, "content_type": 11, "object_id": "2", "object_repr": "test", "action_flag": 1, "change_message": "[{\"added\": {}}]"}}, {"model": "admin.logentry", "pk": 216, "fields": {"action_time": "2025-01-29T16:40:16.087Z", "user": 21, "content_type": 11, "object_id": "3", "object_repr": "asdf", "action_flag": 1, "change_message": "[{\"added\": {}}]"}}, {"model": "admin.logentry", "pk": 217, "fields": {"action_time": "2025-01-29T16:44:33.936Z", "user": 21, "content_type": 11, "object_id": "4", "object_repr": "adsf", "action_flag": 1, "change_message": "[{\"added\": {}}]"}}, {"model": "admin.logentry", "pk": 218, "fields": {"action_time": "2025-01-29T16:45:01.594Z", "user": 21, "content_type": 11, "object_id": "5", "object_repr": "asdf", "action_flag": 1, "change_message": "[{\"added\": {}}]"}}, {"model": "admin.logentry", "pk": 219, "fields": {"action_time": "2025-01-29T16:46:10.916Z", "user": 21, "content_type": 11, "object_id": "6", "object_repr": "asdf", "action_flag": 1, "change_message": "[{\"added\": {}}]"}}, {"model": "admin.logentry", "pk": 220, "fields": {"action_time": "2025-01-29T16:47:27.041Z", "user": 21, "content_type": 11, "object_id": "7", "object_repr": "asdf", "action_flag": 1, "change_message": "[{\"added\": {}}]"}}, {"model": "admin.logentry", "pk": 221, "fields": {"action_time": "2025-01-29T16:47:32.732Z", "user": 21, "content_type": 11, "object_id": "8", "object_repr": "fdsaf", "action_flag": 1, "change_message": "[{\"added\": {}}]"}}, {"model": "admin.logentry", "pk": 222, "fields": {"action_time": "2025-01-29T16:47:38.652Z", "user": 21, "content_type": 11, "object_id": "9", "object_repr": "fgsfdgdf", "action_flag": 1, "change_message": "[{\"added\": {}}]"}}, {"model": "admin.logentry", "pk": 223, "fields": {"action_time": "2025-01-29T16:50:45.789Z", "user": 21, "content_type": 11, "object_id": "10", "object_repr": "asdf", "action_flag": 1, "change_message": "[{\"added\": {}}]"}}, {"model": "admin.logentry", "pk": 224, "fields": {"action_time": "2025-01-29T17:10:06.498Z", "user": 21, "content_type": 11, "object_id": "11", "object_repr": "adsf", "action_flag": 1, "change_message": "[{\"added\": {}}]"}}, {"model": "admin.logentry", "pk": 225, "fields": {"action_time": "2025-01-29T17:41:56.950Z", "user": 21, "content_type": 11, "object_id": "12", "object_repr": "asdf", "action_flag": 1, "change_message": "[{\"added\": {}}]"}}, {"model": "admin.logentry", "pk": 226, "fields": {"action_time": "2025-01-29T23:17:38.135Z", "user": 21, "content_type": 14, "object_id": "8", "object_repr": "Antique White", "action_flag": 2, "change_message": "[{\"changed\": {\"fields\": [\"Hex value\"]}}]"}}, {"model": "admin.logentry", "pk": 227, "fields": {"action_time": "2025-01-29T23:54:51.152Z", "user": 21, "content_type": 11, "object_id": "22", "object_repr": "test", "action_flag": 1, "change_message": "[{\"added\": {}}]"}}, {"model": "admin.logentry", "pk": 228, "fields": {"action_time": "2025-01-29T23:54:53.421Z", "user": 21, "content_type": 12, "object_id": "4", "object_repr": "test", "action_flag": 1, "change_message": "[{\"added\": {}}]"}}, {"model": "admin.logentry", "pk": 229, "fields": {"action_time": "2025-02-03T11:44:48.994Z", "user": 21, "content_type": 12, "object_id": "6", "object_repr": "Hauptaufgabe", "action_flag": 3, "change_message": ""}}, {"model": "admin.logentry", "pk": 230, "fields": {"action_time": "2025-02-03T11:44:48.994Z", "user": 21, "content_type": 12, "object_id": "5", "object_repr": "Hauptaufgabe", "action_flag": 3, "change_message": ""}}, {"model": "admin.logentry", "pk": 231, "fields": {"action_time": "2025-02-03T11:44:48.994Z", "user": 21, "content_type": 12, "object_id": "4", "object_repr": "test", "action_flag": 3, "change_message": ""}}, {"model": "admin.logentry", "pk": 232, "fields": {"action_time": "2025-02-03T11:46:15.695Z", "user": 21, "content_type": 12, "object_id": "1", "object_repr": "asdf", "action_flag": 1, "change_message": "[{\"added\": {}}]"}}, {"model": "admin.logentry", "pk": 233, "fields": {"action_time": "2025-02-03T11:48:55.915Z", "user": 21, "content_type": 13, "object_id": "5", "object_repr": "sadfasfd", "action_flag": 1, "change_message": "[{\"added\": {}}]"}}, {"model": "admin.logentry", "pk": 234, "fields": {"action_time": "2025-02-03T11:51:20.114Z", "user": 21, "content_type": 12, "object_id": "1", "object_repr": "asdf", "action_flag": 2, "change_message": "[{\"changed\": {\"fields\": [\"Category\"]}}]"}}, {"model": "admin.logentry", "pk": 235, "fields": {"action_time": "2025-02-03T12:09:15.156Z", "user": 21, "content_type": 12, "object_id": "6", "object_repr": "aaaaaaa", "action_flag": 3, "change_message": ""}}, {"model": "admin.logentry", "pk": 236, "fields": {"action_time": "2025-02-03T12:09:15.156Z", "user": 21, "content_type": 12, "object_id": "5", "object_repr": "asasdfasdfdf", "action_flag": 3, "change_message": ""}}, {"model": "admin.logentry", "pk": 237, "fields": {"action_time": "2025-02-03T12:09:15.156Z", "user": 21, "content_type": 12, "object_id": "4", "object_repr": "aaaaa", "action_flag": 3, "change_message": ""}}, {"model": "admin.logentry", "pk": 238, "fields": {"action_time": "2025-02-03T12:09:15.156Z", "user": 21, "content_type": 12, "object_id": "3", "object_repr": "asasdfasdfdf", "action_flag": 3, "change_message": ""}}, {"model": "admin.logentry", "pk": 239, "fields": {"action_time": "2025-02-03T12:09:15.156Z", "user": 21, "content_type": 12, "object_id": "2", "object_repr": "asasdfasdfdf", "action_flag": 3, "change_message": ""}}, {"model": "admin.logentry", "pk": 240, "fields": {"action_time": "2025-02-03T12:09:15.156Z", "user": 21, "content_type": 12, "object_id": "1", "object_repr": "asdf", "action_flag": 3, "change_message": ""}}, {"model": "admin.logentry", "pk": 241, "fields": {"action_time": "2025-02-03T12:16:50.474Z", "user": 21, "content_type": 9, "object_id": "93", "object_repr": "asdfadsf", "action_flag": 2, "change_message": "[{\"changed\": {\"fields\": [\"Members\"]}}]"}}, {"model": "admin.logentry", "pk": 242, "fields": {"action_time": "2025-02-03T12:17:08.379Z", "user": 21, "content_type": 12, "object_id": "7", "object_repr": "asdf", "action_flag": 1, "change_message": "[{\"added\": {}}]"}}, {"model": "admin.logentry", "pk": 243, "fields": {"action_time": "2025-02-03T12:17:21.992Z", "user": 21, "content_type": 12, "object_id": "7", "object_repr": "asdf", "action_flag": 2, "change_message": "[{\"changed\": {\"fields\": [\"Selected contacts\"]}}]"}}, {"model": "admin.logentry", "pk": 244, "fields": {"action_time": "2025-02-03T14:48:27.420Z", "user": 21, "content_type": 6, "object_id": "24", "object_repr": "asdf@adsfasdf.de", "action_flag": 1, "change_message": "[{\"added\": {}}]"}}, {"model": "admin.logentry", "pk": 245, "fields": {"action_time": "2025-02-03T14:48:48.521Z", "user": 21, "content_type": 6, "object_id": "25", "object_repr": "fdsa@fasd.de", "action_flag": 1, "change_message": "[{\"added\": {}}]"}}, {"model": "admin.logentry", "pk": 246, "fields": {"action_time": "2025-02-03T14:49:07.143Z", "user": 21, "content_type": 6, "object_id": "26", "object_repr": "ddd@adsf.de", "action_flag": 1, "change_message": "[{\"added\": {}}]"}}, {"model": "admin.logentry", "pk": 247, "fields": {"action_time": "2025-02-03T14:49:24.945Z", "user": 21, "content_type": 9, "object_id": "93", "object_repr": "asdfadsf", "action_flag": 2, "change_message": "[{\"changed\": {\"fields\": [\"Members\"]}}]"}}, {"model": "admin.logentry", "pk": 248, "fields": {"action_time": "2025-02-03T17:22:24.843Z", "user": 21, "content_type": 12, "object_id": "13", "object_repr": "asdfasdfasdf", "action_flag": 2, "change_message": "[{\"changed\": {\"fields\": [\"Selected contacts\"]}}]"}}, {"model": "admin.logentry", "pk": 249, "fields": {"action_time": "2025-02-03T17:22:33.982Z", "user": 21, "content_type": 12, "object_id": "12", "object_repr": "asdfasdfasdf", "action_flag": 3, "change_message": ""}}, {"model": "admin.logentry", "pk": 250, "fields": {"action_time": "2025-02-03T17:22:33.982Z", "user": 21, "content_type": 12, "object_id": "11", "object_repr": "asdfasdfasdf", "action_flag": 3, "change_message": ""}}, {"model": "admin.logentry", "pk": 251, "fields": {"action_time": "2025-02-03T17:56:50.513Z", "user": 21, "content_type": 13, "object_id": "20", "object_repr": "sadf", "action_flag": 2, "change_message": "[{\"changed\": {\"fields\": [\"Is completed\"]}}]"}}, {"model": "admin.logentry", "pk": 252, "fields": {"action_time": "2025-02-03T17:56:58.552Z", "user": 21, "content_type": 13, "object_id": "20", "object_repr": "sadf", "action_flag": 2, "change_message": "[]"}}, {"model": "admin.logentry", "pk": 253, "fields": {"action_time": "2025-02-03T17:57:01.810Z", "user": 21, "content_type": 13, "object_id": "19", "object_repr": "sadf", "action_flag": 2, "change_message": "[{\"changed\": {\"fields\": [\"Is completed\"]}}]"}}, {"model": "admin.logentry", "pk": 254, "fields": {"action_time": "2025-02-03T17:57:06.736Z", "user": 21, "content_type": 13, "object_id": "14", "object_repr": "ccc", "action_flag": 2, "change_message": "[{\"changed\": {\"fields\": [\"Task\"]}}]"}}, {"model": "admin.logentry", "pk": 255, "fields": {"action_time": "2025-02-03T17:57:12.091Z", "user": 21, "content_type": 13, "object_id": "13", "object_repr": "bbb", "action_flag": 2, "change_message": "[{\"changed\": {\"fields\": [\"Task\"]}}]"}}, {"model": "admin.logentry", "pk": 256, "fields": {"action_time": "2025-02-03T17:57:16.483Z", "user": 21, "content_type": 13, "object_id": "12", "object_repr": "bbbb", "action_flag": 2, "change_message": "[{\"changed\": {\"fields\": [\"Task\"]}}]"}}, {"model": "admin.logentry", "pk": 257, "fields": {"action_time": "2025-02-03T18:14:41.704Z", "user": 21, "content_type": 12, "object_id": "13", "object_repr": "asdfasdfasdf", "action_flag": 3, "change_message": ""}}, {"model": "admin.logentry", "pk": 258, "fields": {"action_time": "2025-02-03T18:14:41.704Z", "user": 21, "content_type": 12, "object_id": "10", "object_repr": "aaa", "action_flag": 3, "change_message": ""}}, {"model": "admin.logentry", "pk": 259, "fields": {"action_time": "2025-02-03T18:14:41.704Z", "user": 21, "content_type": 12, "object_id": "9", "object_repr": "aaaa", "action_flag": 3, "change_message": ""}}, {"model": "admin.logentry", "pk": 260, "fields": {"action_time": "2025-02-03T18:14:41.704Z", "user": 21, "content_type": 12, "object_id": "8", "object_repr": "asdf", "action_flag": 3, "change_message": ""}}, {"model": "admin.logentry", "pk": 261, "fields": {"action_time": "2025-02-03T18:14:41.704Z", "user": 21, "content_type": 12, "object_id": "7", "object_repr": "asdf", "action_flag": 3, "change_message": ""}}, {"model": "admin.logentry", "pk": 262, "fields": {"action_time": "2025-02-03T18:16:28.985Z", "user": 21, "content_type": 13, "object_id": "22", "object_repr": "aaaa", "action_flag": 2, "change_message": "[{\"changed\": {\"fields\": [\"Is completed\"]}}]"}}, {"model": "admin.logentry", "pk": 263, "fields": {"action_time": "2025-02-03T18:16:53.910Z", "user": 21, "content_type": 12, "object_id": "14", "object_repr": "aaa", "action_flag": 2, "change_message": "[{\"changed\": {\"fields\": [\"Status\", \"Prio\"]}}]"}}, {"model": "admin.logentry", "pk": 264, "fields": {"action_time": "2025-02-03T18:28:12.772Z", "user": 21, "content_type": 12, "object_id": "14", "object_repr": "aaa", "action_flag": 2, "change_message": "[{\"changed\": {\"fields\": [\"Status\"]}}]"}}, {"model": "admin.logentry", "pk": 265, "fields": {"action_time": "2025-02-03T18:28:40.959Z", "user": 21, "content_type": 12, "object_id": "14", "object_repr": "aaa", "action_flag": 2, "change_message": "[{\"changed\": {\"fields\": [\"Status\"]}}]"}}, {"model": "admin.logentry", "pk": 266, "fields": {"action_time": "2025-02-04T14:17:02.705Z", "user": 21, "content_type": 12, "object_id": "14", "object_repr": "aaa", "action_flag": 2, "change_message": "[{\"changed\": {\"fields\": [\"Status\"]}}]"}}, {"model": "admin.logentry", "pk": 267, "fields": {"action_time": "2025-02-04T14:43:31.174Z", "user": 21, "content_type": 12, "object_id": "14", "object_repr": "test test asdfasdfasdfas", "action_flag": 2, "change_message": "[{\"changed\": {\"fields\": [\"Name\", \"Description\"]}}]"}}, {"model": "admin.logentry", "pk": 268, "fields": {"action_time": "2025-02-04T15:25:27.689Z", "user": 21, "content_type": 12, "object_id": "14", "object_repr": "test test asdfasdfasdfas", "action_flag": 2, "change_message": "[{\"changed\": {\"fields\": [\"Selected contacts\"]}}]"}}, {"model": "admin.logentry", "pk": 269, "fields": {"action_time": "2025-02-05T11:39:34.195Z", "user": 21, "content_type": 13, "object_id": "22", "object_repr": "aaaa", "action_flag": 2, "change_message": "[]"}}, {"model": "admin.logentry", "pk": 270, "fields": {"action_time": "2025-02-05T11:39:38.420Z", "user": 21, "content_type": 13, "object_id": "21", "object_repr": "aaaa", "action_flag": 2, "change_message": "[{\"changed\": {\"fields\": [\"Is completed\"]}}]"}}, {"model": "admin.logentry", "pk": 271, "fields": {"action_time": "2025-02-05T11:43:55.637Z", "user": 21, "content_type": 13, "object_id": "23", "object_repr": "asdf asdf asdf asd fasdf asdf", "action_flag": 1, "change_message": "[{\"added\": {}}]"}}, {"model": "admin.logentry", "pk": 272, "fields": {"action_time": "2025-02-05T11:44:01.891Z", "user": 21, "content_type": 13, "object_id": "24", "object_repr": "asd asdf ad", "action_flag": 1, "change_message": "[{\"added\": {}}]"}}, {"model": "admin.logentry", "pk": 273, "fields": {"action_time": "2025-02-05T11:44:08.993Z", "user": 21, "content_type": 13, "object_id": "25", "object_repr": "sadf asdfa sdfasd", "action_flag": 1, "change_message": "[{\"added\": {}}]"}}, {"model": "admin.logentry", "pk": 274, "fields": {"action_time": "2025-02-05T12:26:30.026Z", "user": 21, "content_type": 13, "object_id": "26", "object_repr": "asdfasdf asd f", "action_flag": 1, "change_message": "[{\"added\": {}}]"}}, {"model": "admin.logentry", "pk": 275, "fields": {"action_time": "2025-02-05T12:26:35.615Z", "user": 21, "content_type": 13, "object_id": "27", "object_repr": "sdaf asf asdf asdf as df", "action_flag": 1, "change_message": "[{\"added\": {}}]"}}, {"model": "admin.logentry", "pk": 276, "fields": {"action_time": "2025-02-05T12:26:39.813Z", "user": 21, "content_type": 13, "object_id": "28", "object_repr": "sadf asdf asd fas f", "action_flag": 1, "change_message": "[{\"added\": {}}]"}}, {"model": "admin.logentry", "pk": 277, "fields": {"action_time": "2025-02-05T12:37:18.975Z", "user": 21, "content_type": 12, "object_id": "14", "object_repr": "test test", "action_flag": 2, "change_message": "[{\"changed\": {\"fields\": [\"Name\"]}}]"}}, {"model": "admin.logentry", "pk": 278, "fields": {"action_time": "2025-02-05T12:42:48.386Z", "user": 21, "content_type": 12, "object_id": "14", "object_repr": "test test asd fasf asdf as fsa fsa df", "action_flag": 2, "change_message": "[{\"changed\": {\"fields\": [\"Name\"]}}]"}}, {"model": "admin.logentry", "pk": 279, "fields": {"action_time": "2025-02-06T18:03:37.722Z", "user": 21, "content_type": 12, "object_id": "15", "object_repr": "asdfas asdf", "action_flag": 1, "change_message": "[{\"added\": {}}]"}}, {"model": "admin.logentry", "pk": 280, "fields": {"action_time": "2025-02-06T18:35:49.637Z", "user": 21, "content_type": 13, "object_id": "29", "object_repr": "asd sad f", "action_flag": 1, "change_message": "[{\"added\": {}}]"}}, {"model": "admin.logentry", "pk": 281, "fields": {"action_time": "2025-02-06T18:35:58.587Z", "user": 21, "content_type": 13, "object_id": "30", "object_repr": "bbbvvv", "action_flag": 1, "change_message": "[{\"added\": {}}]"}}, {"model": "admin.logentry", "pk": 282, "fields": {"action_time": "2025-02-07T12:12:19.783Z", "user": 21, "content_type": 12, "object_id": "27", "object_repr": "ddd", "action_flag": 2, "change_message": "[{\"changed\": {\"fields\": [\"Selected contacts\"]}}]"}}, {"model": "admin.logentry", "pk": 283, "fields": {"action_time": "2025-02-07T12:12:28.653Z", "user": 21, "content_type": 12, "object_id": "26", "object_repr": "bbbbb", "action_flag": 2, "change_message": "[]"}}, {"model": "admin.logentry", "pk": 284, "fields": {"action_time": "2025-02-07T12:12:36.466Z", "user": 21, "content_type": 12, "object_id": "25", "object_repr": "ccc", "action_flag": 2, "change_message": "[{\"changed\": {\"fields\": [\"Name\", \"Description\", \"Selected contacts\"]}}]"}}, {"model": "admin.logentry", "pk": 285, "fields": {"action_time": "2025-02-07T12:12:41.854Z", "user": 21, "content_type": 12, "object_id": "24", "object_repr": "dddd", "action_flag": 2, "change_message": "[{\"changed\": {\"fields\": [\"Name\"]}}]"}}, {"model": "admin.logentry", "pk": 286, "fields": {"action_time": "2025-02-07T12:12:53.356Z", "user": 21, "content_type": 12, "object_id": "23", "object_repr": "asdf", "action_flag": 3, "change_message": ""}}, {"model": "admin.logentry", "pk": 287, "fields": {"action_time": "2025-02-07T12:12:53.356Z", "user": 21, "content_type": 12, "object_id": "18", "object_repr": "abascsc", "action_flag": 3, "change_message": ""}}, {"model": "admin.logentry", "pk": 288, "fields": {"action_time": "2025-02-07T12:13:02.001Z", "user": 21, "content_type": 13, "object_id": "39", "object_repr": "a", "action_flag": 2, "change_message": "[{\"changed\": {\"fields\": [\"Task\", \"Name\"]}}]"}}, {"model": "admin.logentry", "pk": 289, "fields": {"action_time": "2025-02-07T12:13:07.339Z", "user": 21, "content_type": 13, "object_id": "38", "object_repr": "ab", "action_flag": 2, "change_message": "[{\"changed\": {\"fields\": [\"Name\"]}}]"}}, {"model": "admin.logentry", "pk": 290, "fields": {"action_time": "2025-02-07T12:13:12.755Z", "user": 21, "content_type": 13, "object_id": "37", "object_repr": "abs", "action_flag": 2, "change_message": "[{\"changed\": {\"fields\": [\"Task\", \"Name\"]}}]"}}, {"model": "admin.logentry", "pk": 291, "fields": {"action_time": "2025-02-07T12:13:19.888Z", "user": 21, "content_type": 13, "object_id": "36", "object_repr": "bbb", "action_flag": 2, "change_message": "[{\"changed\": {\"fields\": [\"Task\", \"Name\"]}}]"}}, {"model": "admin.logentry", "pk": 292, "fields": {"action_time": "2025-02-07T12:13:23.927Z", "user": 21, "content_type": 13, "object_id": "31", "object_repr": "asdfasf", "action_flag": 2, "change_message": "[{\"changed\": {\"fields\": [\"Name\"]}}]"}}, {"model": "admin.logentry", "pk": 293, "fields": {"action_time": "2025-02-07T12:14:03.665Z", "user": 21, "content_type": 12, "object_id": "16", "object_repr": "asdf", "action_flag": 2, "change_message": "[{\"changed\": {\"fields\": [\"Selected contacts\", \"Status\"]}}]"}}, {"model": "admin.logentry", "pk": 294, "fields": {"action_time": "2025-02-07T15:02:09.051Z", "user": 21, "content_type": 11, "object_id": "22", "object_repr": "test", "action_flag": 3, "change_message": ""}}, {"model": "admin.logentry", "pk": 295, "fields": {"action_time": "2025-02-07T15:15:58.100Z", "user": 21, "content_type": 12, "object_id": "39", "object_repr": "afs", "action_flag": 2, "change_message": "[{\"changed\": {\"fields\": [\"Selected contacts\"]}}]"}}, {"model": "admin.logentry", "pk": 296, "fields": {"action_time": "2025-02-07T15:53:59.413Z", "user": 21, "content_type": 13, "object_id": "72", "object_repr": "sadf as", "action_flag": 3, "change_message": ""}}, {"model": "admin.logentry", "pk": 297, "fields": {"action_time": "2025-02-07T15:53:59.413Z", "user": 21, "content_type": 13, "object_id": "71", "object_repr": "asdf", "action_flag": 3, "change_message": ""}}, {"model": "admin.logentry", "pk": 298, "fields": {"action_time": "2025-02-09T14:17:09.164Z", "user": 21, "content_type": 12, "object_id": "66", "object_repr": "asdf asfd asfd asdf asdf asfd", "action_flag": 2, "change_message": "[{\"changed\": {\"fields\": [\"Due date\"]}}]"}}, {"model": "admin.logentry", "pk": 299, "fields": {"action_time": "2025-02-09T16:15:17.546Z", "user": 21, "content_type": 9, "object_id": "94", "object_repr": "asdfasdf", "action_flag": 1, "change_message": "[{\"added\": {}}]"}}, {"model": "admin.logentry", "pk": 300, "fields": {"action_time": "2025-02-09T16:23:38.058Z", "user": 21, "content_type": 9, "object_id": "94", "object_repr": "asdfasdf", "action_flag": 3, "change_message": ""}}, {"model": "admin.logentry", "pk": 301, "fields": {"action_time": "2025-02-10T12:59:02.010Z", "user": 21, "content_type": 6, "object_id": "21", "object_repr": "dogancelik86@gmail.com", "action_flag": 2, "change_message": "[{\"changed\": {\"fields\": [\"Phone\"]}}]"}}, {"model": "admin.logentry", "pk": 302, "fields": {"action_time": "2025-02-13T15:13:11.378Z", "user": 21, "content_type": 15, "object_id": "22", "object_repr": "test", "action_flag": 3, "change_message": ""}}, {"model": "admin.logentry", "pk": 303, "fields": {"action_time": "2025-02-13T15:13:11.378Z", "user": 21, "content_type": 15, "object_id": "21", "object_repr": "aaaa", "action_flag": 3, "change_message": ""}}, {"model": "admin.logentry", "pk": 304, "fields": {"action_time": "2025-02-13T15:13:11.378Z", "user": 21, "content_type": 15, "object_id": "19", "object_repr": "adsf fdg sad fa sdf asa", "action_flag": 3, "change_message": ""}}, {"model": "admin.logentry", "pk": 305, "fields": {"action_time": "2025-02-13T15:13:11.378Z", "user": 21, "content_type": 15, "object_id": "18", "object_repr": "aasdf asdf asdf asd fsa fdsafd f", "action_flag": 3, "change_message": ""}}, {"model": "admin.logentry", "pk": 306, "fields": {"action_time": "2025-02-13T15:13:55.312Z", "user": 21, "content_type": 6, "object_id": "27", "object_repr": "test@test123.de", "action_flag": 3, "change_message": ""}}, {"model": "admin.logentry", "pk": 307, "fields": {"action_time": "2025-02-13T15:13:55.312Z", "user": 21, "content_type": 6, "object_id": "26", "object_repr": "ddd@adsf.de", "action_flag": 3, "change_message": ""}}, {"model": "admin.logentry", "pk": 308, "fields": {"action_time": "2025-02-13T15:13:55.312Z", "user": 21, "content_type": 6, "object_id": "25", "object_repr": "fdsa@fasd.de", "action_flag": 3, "change_message": ""}}, {"model": "admin.logentry", "pk": 309, "fields": {"action_time": "2025-02-13T15:13:55.312Z", "user": 21, "content_type": 6, "object_id": "24", "object_repr": "asdf@adsfasdf.de", "action_flag": 3, "change_message": ""}}, {"model": "admin.logentry", "pk": 310, "fields": {"action_time": "2025-02-13T15:13:55.312Z", "user": 21, "content_type": 6, "object_id": "23", "object_repr": "best@best.de", "action_flag": 3, "change_message": ""}}, {"model": "admin.logentry", "pk": 311, "fields": {"action_time": "2025-02-13T15:13:55.312Z", "user": 21, "content_type": 6, "object_id": "22", "object_repr": "test@test.de", "action_flag": 3, "change_message": ""}}, {"model": "admin.logentry", "pk": 312, "fields": {"action_time": "2025-02-13T15:14:04.562Z", "user": 21, "content_type": 11, "object_id": "30", "object_repr": "iii", "action_flag": 3, "change_message": ""}}, {"model": "admin.logentry", "pk": 313, "fields": {"action_time": "2025-02-13T15:14:04.562Z", "user": 21, "content_type": 11, "object_id": "29", "object_repr": "ttttt", "action_flag": 3, "change_message": ""}}, {"model": "admin.logentry", "pk": 314, "fields": {"action_time": "2025-02-13T15:14:04.562Z", "user": 21, "content_type": 11, "object_id": "28", "object_repr": "adsfadsfasd", "action_flag": 3, "change_message": ""}}, {"model": "admin.logentry", "pk": 315, "fields": {"action_time": "2025-02-13T15:14:04.562Z", "user": 21, "content_type": 11, "object_id": "27", "object_repr": "ccc", "action_flag": 3, "change_message": ""}}, {"model": "admin.logentry", "pk": 316, "fields": {"action_time": "2025-02-13T15:14:04.562Z", "user": 21, "content_type": 11, "object_id": "26", "object_repr": "ASD", "action_flag": 3, "change_message": ""}}, {"model": "admin.logentry", "pk": 317, "fields": {"action_time": "2025-02-13T15:14:04.562Z", "user": 21, "content_type": 11, "object_id": "25", "object_repr": "bbb", "action_flag": 3, "change_message": ""}}, {"model": "admin.logentry", "pk": 318, "fields": {"action_time": "2025-02-13T15:14:04.562Z", "user": 21, "content_type": 11, "object_id": "24", "object_repr": "asdf asd fsad fasdf asfd", "action_flag": 3, "change_message": ""}}, {"model": "admin.logentry", "pk": 319, "fields": {"action_time": "2025-02-13T15:14:04.562Z", "user": 21, "content_type": 11, "object_id": "23", "object_repr": "asdf", "action_flag": 3, "change_message": ""}}, {"model": "admin.logentry", "pk": 320, "fields": {"action_time": "2025-02-13T15:14:13.933Z", "user": 21, "content_type": 12, "object_id": "72", "object_repr": "asdf", "action_flag": 3, "change_message": ""}}, {"model": "admin.logentry", "pk": 321, "fields": {"action_time": "2025-02-13T15:14:13.933Z", "user": 21, "content_type": 12, "object_id": "66", "object_repr": "asdf asfd asfd asdf asdf asfd", "action_flag": 3, "change_message": ""}}, {"model": "admin.logentry", "pk": 322, "fields": {"action_time": "2025-02-13T15:14:13.933Z", "user": 21, "content_type": 12, "object_id": "64", "object_repr": "asdfadsf", "action_flag": 3, "change_message": ""}}, {"model": "admin.logentry", "pk": 323, "fields": {"action_time": "2025-02-13T15:14:33.999Z", "user": 21, "content_type": 9, "object_id": "93", "object_repr": "Dogan's Workspace", "action_flag": 2, "change_message": "[{\"changed\": {\"fields\": [\"Name\"]}}]"}}, {"model": "admin.logentry", "pk": 324, "fields": {"action_time": "2025-02-13T15:16:10.471Z", "user": 21, "content_type": 6, "object_id": "28", "object_repr": "guest@guest.de", "action_flag": 1, "change_message": "[{\"added\": {}}]"}}, {"model": "admin.logentry", "pk": 325, "fields": {"action_time": "2025-02-13T16:08:02.098Z", "user": 21, "content_type": 6, "object_id": "28", "object_repr": "guest@guest.de", "action_flag": 3, "change_message": ""}}, {"model": "admin.logentry", "pk": 326, "fields": {"action_time": "2025-02-13T16:10:18.730Z", "user": 21, "content_type": 9, "object_id": "108", "object_repr": "Guest's Workspace", "action_flag": 2, "change_message": "[{\"changed\": {\"fields\": [\"Name\", \"Members\"]}}]"}}, {"model": "admin.logentry", "pk": 327, "fields": {"action_time": "2025-02-13T16:13:52.593Z", "user": 21, "content_type": 9, "object_id": "93", "object_repr": "Dogan's Workspace", "action_flag": 2, "change_message": "[{\"changed\": {\"fields\": [\"Members\"]}}]"}}, {"model": "admin.logentry", "pk": 328, "fields": {"action_time": "2025-02-14T11:21:33.776Z", "user": 21, "content_type": 6, "object_id": "21", "object_repr": "dogancelik86@gmail.com", "action_flag": 2, "change_message": "[{\"changed\": {\"fields\": [\"Color\"]}}]"}}, {"model": "auth.permission", "pk": 1, "fields": {"name": "Can add log entry", "content_type": 1, "codename": "add_logentry"}}, {"model": "auth.permission", "pk": 2, "fields": {"name": "Can change log entry", "content_type": 1, "codename": "change_logentry"}}, {"model": "auth.permission", "pk": 3, "fields": {"name": "Can delete log entry", "content_type": 1, "codename": "delete_logentry"}}, {"model": "auth.permission", "pk": 4, "fields": {"name": "Can view log entry", "content_type": 1, "codename": "view_logentry"}}, {"model": "auth.permission", "pk": 5, "fields": {"name": "Can add permission", "content_type": 2, "codename": "add_permission"}}, {"model": "auth.permission", "pk": 6, "fields": {"name": "Can change permission", "content_type": 2, "codename": "change_permission"}}, {"model": "auth.permission", "pk": 7, "fields": {"name": "Can delete permission", "content_type": 2, "codename": "delete_permission"}}, {"model": "auth.permission", "pk": 8, "fields": {"name": "Can view permission", "content_type": 2, "codename": "view_permission"}}, {"model": "auth.permission", "pk": 9, "fields": {"name": "Can add group", "content_type": 3, "codename": "add_group"}}, {"model": "auth.permission", "pk": 10, "fields": {"name": "Can change group", "content_type": 3, "codename": "change_group"}}, {"model": "auth.permission", "pk": 11, "fields": {"name": "Can delete group", "content_type": 3, "codename": "delete_group"}}, {"model": "auth.permission", "pk": 12, "fields": {"name": "Can view group", "content_type": 3, "codename": "view_group"}}, {"model": "auth.permission", "pk": 13, "fields": {"name": "Can add content type", "content_type": 4, "codename": "add_contenttype"}}, {"model": "auth.permission", "pk": 14, "fields": {"name": "Can change content type", "content_type": 4, "codename": "change_contenttype"}}, {"model": "auth.permission", "pk": 15, "fields": {"name": "Can delete content type", "content_type": 4, "codename": "delete_contenttype"}}, {"model": "auth.permission", "pk": 16, "fields": {"name": "Can view content type", "content_type": 4, "codename": "view_contenttype"}}, {"model": "auth.permission", "pk": 17, "fields": {"name": "Can add session", "content_type": 5, "codename": "add_session"}}, {"model": "auth.permission", "pk": 18, "fields": {"name": "Can change session", "content_type": 5, "codename": "change_session"}}, {"model": "auth.permission", "pk": 19, "fields": {"name": "Can delete session", "content_type": 5, "codename": "delete_session"}}, {"model": "auth.permission", "pk": 20, "fields": {"name": "Can view session", "content_type": 5, "codename": "view_session"}}, {"model": "auth.permission", "pk": 21, "fields": {"name": "Can add user", "content_type": 6, "codename": "add_customuser"}}, {"model": "auth.permission", "pk": 22, "fields": {"name": "Can change user", "content_type": 6, "codename": "change_customuser"}}, {"model": "auth.permission", "pk": 23, "fields": {"name": "Can delete user", "content_type": 6, "codename": "delete_customuser"}}, {"model": "auth.permission", "pk": 24, "fields": {"name": "Can view user", "content_type": 6, "codename": "view_customuser"}}, {"model": "auth.permission", "pk": 25, "fields": {"name": "Can add Token", "content_type": 7, "codename": "add_token"}}, {"model": "auth.permission", "pk": 26, "fields": {"name": "Can change Token", "content_type": 7, "codename": "change_token"}}, {"model": "auth.permission", "pk": 27, "fields": {"name": "Can delete Token", "content_type": 7, "codename": "delete_token"}}, {"model": "auth.permission", "pk": 28, "fields": {"name": "Can view Token", "content_type": 7, "codename": "view_token"}}, {"model": "auth.permission", "pk": 29, "fields": {"name": "Can add Token", "content_type": 8, "codename": "add_tokenproxy"}}, {"model": "auth.permission", "pk": 30, "fields": {"name": "Can change Token", "content_type": 8, "codename": "change_tokenproxy"}}, {"model": "auth.permission", "pk": 31, "fields": {"name": "Can delete Token", "content_type": 8, "codename": "delete_tokenproxy"}}, {"model": "auth.permission", "pk": 32, "fields": {"name": "Can view Token", "content_type": 8, "codename": "view_tokenproxy"}}, {"model": "auth.permission", "pk": 33, "fields": {"name": "Can add workspace", "content_type": 9, "codename": "add_workspace"}}, {"model": "auth.permission", "pk": 34, "fields": {"name": "Can change workspace", "content_type": 9, "codename": "change_workspace"}}, {"model": "auth.permission", "pk": 35, "fields": {"name": "Can delete workspace", "content_type": 9, "codename": "delete_workspace"}}, {"model": "auth.permission", "pk": 36, "fields": {"name": "Can view workspace", "content_type": 9, "codename": "view_workspace"}}, {"model": "auth.permission", "pk": 37, "fields": {"name": "Can add color", "content_type": 10, "codename": "add_color"}}, {"model": "auth.permission", "pk": 38, "fields": {"name": "Can change color", "content_type": 10, "codename": "change_color"}}, {"model": "auth.permission", "pk": 39, "fields": {"name": "Can delete color", "content_type": 10, "codename": "delete_color"}}, {"model": "auth.permission", "pk": 40, "fields": {"name": "Can view color", "content_type": 10, "codename": "view_color"}}, {"model": "auth.permission", "pk": 41, "fields": {"name": "Can add category", "content_type": 11, "codename": "add_category"}}, {"model": "auth.permission", "pk": 42, "fields": {"name": "Can change category", "content_type": 11, "codename": "change_category"}}, {"model": "auth.permission", "pk": 43, "fields": {"name": "Can delete category", "content_type": 11, "codename": "delete_category"}}, {"model": "auth.permission", "pk": 44, "fields": {"name": "Can view category", "content_type": 11, "codename": "view_category"}}, {"model": "auth.permission", "pk": 45, "fields": {"name": "Can add task", "content_type": 12, "codename": "add_task"}}, {"model": "auth.permission", "pk": 46, "fields": {"name": "Can change task", "content_type": 12, "codename": "change_task"}}, {"model": "auth.permission", "pk": 47, "fields": {"name": "Can delete task", "content_type": 12, "codename": "delete_task"}}, {"model": "auth.permission", "pk": 48, "fields": {"name": "Can view task", "content_type": 12, "codename": "view_task"}}, {"model": "auth.permission", "pk": 49, "fields": {"name": "Can add subtask", "content_type": 13, "codename": "add_subtask"}}, {"model": "auth.permission", "pk": 50, "fields": {"name": "Can change subtask", "content_type": 13, "codename": "change_subtask"}}, {"model": "auth.permission", "pk": 51, "fields": {"name": "Can delete subtask", "content_type": 13, "codename": "delete_subtask"}}, {"model": "auth.permission", "pk": 52, "fields": {"name": "Can view subtask", "content_type": 13, "codename": "view_subtask"}}, {"model": "auth.permission", "pk": 53, "fields": {"name": "Can add color", "content_type": 14, "codename": "add_color"}}, {"model": "auth.permission", "pk": 54, "fields": {"name": "Can change color", "content_type": 14, "codename": "change_color"}}, {"model": "auth.permission", "pk": 55, "fields": {"name": "Can delete color", "content_type": 14, "codename": "delete_color"}}, {"model": "auth.permission", "pk": 56, "fields": {"name": "Can view color", "content_type": 14, "codename": "view_color"}}, {"model": "auth.permission", "pk": 57, "fields": {"name": "Can add contact", "content_type": 15, "codename": "add_contact"}}, {"model": "auth.permission", "pk": 58, "fields": {"name": "Can change contact", "content_type": 15, "codename": "change_contact"}}, {"model": "auth.permission", "pk": 59, "fields": {"name": "Can delete contact", "content_type": 15, "codename": "delete_contact"}}, {"model": "auth.permission", "pk": 60, "fields": {"name": "Can view contact", "content_type": 15, "codename": "view_contact"}}, {"model": "contenttypes.contenttype", "pk": 1, "fields": {"app_label": "admin", "model": "logentry"}}, {"model": "contenttypes.contenttype", "pk": 2, "fields": {"app_label": "auth", "model": "permission"}}, {"model": "contenttypes.contenttype", "pk": 3, "fields": {"app_label": "auth", "model": "group"}}, {"model": "contenttypes.contenttype", "pk": 4, "fields": {"app_label": "contenttypes", "model": "contenttype"}}, {"model": "contenttypes.contenttype", "pk": 5, "fields": {"app_label": "sessions", "model": "session"}}, {"model": "contenttypes.contenttype", "pk": 6, "fields": {"app_label": "user_auth_app", "model": "customuser"}}, {"model": "contenttypes.contenttype", "pk": 7, "fields": {"app_label": "authtoken", "model": "token"}}, {"model": "contenttypes.contenttype", "pk": 8, "fields": {"app_label": "authtoken", "model": "tokenproxy"}}, {"model": "contenttypes.contenttype", "pk": 9, "fields": {"app_label": "workspaces", "model": "workspace"}}, {"model": "contenttypes.contenttype", "pk": 10, "fields": {"app_label": "workspaces", "model": "color"}}, {"model": "contenttypes.contenttype", "pk": 11, "fields": {"app_label": "workspaces", "model": "category"}}, {"model": "contenttypes.contenttype", "pk": 12, "fields": {"app_label": "workspaces", "model": "task"}}, {"model": "contenttypes.contenttype", "pk": 13, "fields": {"app_label": "workspaces", "model": "subtask"}}, {"model": "contenttypes.contenttype", "pk": 14, "fields": {"app_label": "colors", "model": "color"}}, {"model": "contenttypes.contenttype", "pk": 15, "fields": {"app_label": "user_auth_app", "model": "contact"}}, {"model": "sessions.session", "pk": "2htxuey2g9ltwk0dp5k07ijou8raucig", "fields": {"session_data": ".eJxVjEEOwiAUBe_C2hBBPoJL9z1D84CPVA0kpV0Z765NutDtm5n3EiPWpYxr53mckrgIrcThdwyID64bSXfUW5Ox1WWegtwUudMuh5b4ed3dv4OCXr61J2vBBpEpK6eCZwBkjk5nRSnFrCLxCTYrHeCYmYx37M4hgzOcF-8PMB05kw:1tii1l:TVdrGp8f7YmeJrL42E22npoOylKAaqrcmIyBgAoVUk0", "expire_date": "2025-02-27T22:49:49.366Z"}}, {"model": "sessions.session", "pk": "c5fek7z4sffndz1r47vjhb9la4u7a7x2", "fields": {"session_data": ".eJxVjDsOwjAQBe_iGlnGG_8o6XOGaO1d4wCypTipEHeHSCmgfTPzXmLCbS3T1nmZZhIXAeL0u0VMD647oDvWW5Op1XWZo9wVedAux0b8vB7u30HBXr51gGBRaQiDyQAGXDak0Wk3IJOOnrMN0VkPwSmfU0LWoFQ4U7ZM2Sjx_gDDNDeK:1tRjIj:io9AsUn5VgP6wnoOrPdvKIyPacnkc_RmSPmq2kjvz2Q", "expire_date": "2025-01-12T02:45:09.666Z"}}, {"model": "sessions.session", "pk": "lths3zmqh10tp8tfhq7wirrr4igilcl9", "fields": {"session_data": ".eJxVjEEOwiAUBe_C2hBBPoJL9z1D84CPVA0kpV0Z765NutDtm5n3EiPWpYxr53mckrgIrcThdwyID64bSXfUW5Ox1WWegtwUudMuh5b4ed3dv4OCXr61J2vBBpEpK6eCZwBkjk5nRSnFrCLxCTYrHeCYmYx37M4hgzOcF-8PMB05kw:1tiata:XZ_-6Afk73y_BSdfjX68w-T7ddfDsdI_GiWcDYKsbe8", "expire_date": "2025-02-27T15:12:54.392Z"}}, {"model": "sessions.session", "pk": "mhdoacrcqm1kudk1o8imuuo99po9whnk", "fields": {"session_data": ".eJxVjEEOwiAQRe_C2hCG0gIu3XsGMjCDVA0kpV0Z765NutDtf-_9lwi4rSVsnZcwkzgLDeL0O0ZMD647oTvWW5Op1XWZo9wVedAur434eTncv4OCvXxrsJq88UopsDkZso61z4AGbRwndg6dswljBmbvKEGmHMEbNQ44TIbF-wP-GzhE:1tcNdX:aWTwvAiXvHA7ScNfzaYG0u8vK88ITzEwOR0oA1l88po", "expire_date": "2025-02-10T11:50:39.272Z"}}, {"model": "colors.color", "pk": 6, "fields": {"name": "Blue", "hex_value": "#0000FF"}}, {"model": "colors.color", "pk": 7, "fields": {"name": "Sky Blue", "hex_value": "#87CEEB"}}, {"model": "colors.color", "pk": 8, "fields": {"name": "Antique White", "hex_value": "#FAEBDD"}}, {"model": "colors.color", "pk": 9, "fields": {"name": "Aqua", "hex_value": "#00FFFF"}}, {"model": "colors.color", "pk": 10, "fields": {"name": "Aquamarine", "hex_value": "#7FFFD4"}}, {"model": "colors.color", "pk": 11, "fields": {"name": "Azure", "hex_value": "#F0FFFF"}}, {"model": "colors.color", "pk": 12, "fields": {"name": "Beige", "hex_value": "#F5F5DC"}}, {"model": "colors.color", "pk": 13, "fields": {"name": "Bisque", "hex_value": "#FFE4C4"}}, {"model": "colors.color", "pk": 14, "fields": {"name": "Blanched Almond", "hex_value": "#FFEBCD"}}, {"model": "colors.color", "pk": 15, "fields": {"name": "Blue Violet", "hex_value": "#8A2BE2"}}, {"model": "colors.color", "pk": 16, "fields": {"name": "Brown", "hex_value": "#A52A2A"}}, {"model": "colors.color", "pk": 17, "fields": {"name": "Burlywood", "hex_value": "#DEB887"}}, {"model": "colors.color", "pk": 18, "fields": {"name": "Cadet Blue", "hex_value": "#5F9EA0"}}, {"model": "colors.color", "pk": 19, "fields": {"name": "Chartreuse", "hex_value": "#7FFF00"}}, {"model": "colors.color", "pk": 20, "fields": {"name": "Chocolate", "hex_value": "#D2691E"}}, {"model": "colors.color", "pk": 21, "fields": {"name": "Coral", "hex_value": "#FF7F50"}}, {"model": "colors.color", "pk": 22, "fields": {"name": "Cornflower Blue", "hex_value": "#6495ED"}}, {"model": "colors.color", "pk": 23, "fields": {"name": "Cornsilk", "hex_value": "#FFF8DC"}}, {"model": "colors.color", "pk": 24, "fields": {"name": "Crimson", "hex_value": "#DC143C"}}, {"model": "colors.color", "pk": 25, "fields": {"name": "Cyan", "hex_value": "#00FFFF"}}, {"model": "colors.color", "pk": 26, "fields": {"name": "Dark Blue", "hex_value": "#00008B"}}, {"model": "colors.color", "pk": 27, "fields": {"name": "Dark Cyan", "hex_value": "#008B8B"}}, {"model": "colors.color", "pk": 28, "fields": {"name": "Dark Goldenrod", "hex_value": "#B8860B"}}, {"model": "colors.color", "pk": 29, "fields": {"name": "Dark Gray", "hex_value": "#A9A9A9"}}, {"model": "colors.color", "pk": 30, "fields": {"name": "Dark Green", "hex_value": "#006400"}}, {"model": "colors.color", "pk": 31, "fields": {"name": "Dark Khaki", "hex_value": "#BDB76B"}}, {"model": "colors.color", "pk": 32, "fields": {"name": "Dark Magenta", "hex_value": "#8B008B"}}, {"model": "colors.color", "pk": 33, "fields": {"name": "Dark Olive Green", "hex_value": "#556B2F"}}, {"model": "colors.color", "pk": 34, "fields": {"name": "Dark Orange", "hex_value": "#FF8C00"}}, {"model": "user_auth_app.customuser", "pk": 21, "fields": {"password": "pbkdf2_sha256$870000$jN7AcrLpcPhPIsYp4tpek7$jAqFt1CdhmQDDc4aye0Yfa7sxclAkjJK+2lbc0TA+gk=", "last_login": "2025-02-13T22:49:49Z", "is_superuser": true, "email": "dogancelik86@gmail.com", "name": "Dogan Celik", "is_active": true, "is_staff": true, "color": 6, "avatar": "DC", "phone": "123456", "groups": [], "user_permissions": []}}, {"model": "user_auth_app.customuser", "pk": 29, "fields": {"password": "pbkdf2_sha256$870000$NiANvne8qezRgEF4nIgohJ$TFLnjdkel8ivvijnIh+VcbPVdNKTCptIvzZUAymaOUA=", "last_login": null, "is_superuser": false, "email": "guest@join.dogan-celik.de", "name": "Guest", "is_active": true, "is_staff": false, "color": 10, "avatar": "G", "phone": null, "groups": [], "user_permissions": []}}, {"model": "user_auth_app.customuser", "pk": 30, "fields": {"password": "pbkdf2_sha256$870000$Rl8BUogUDXBSMEkEoPts1B$5kHZ+xvbTsKRthgEplnFyb7ffmGJuUJf/ChUPhIQh6A=", "last_login": null, "is_superuser": false, "email": "test@test.de", "name": "Test", "is_active": true, "is_staff": false, "color": 15, "avatar": "T", "phone": null, "groups": [], "user_permissions": []}}, {"model": "user_auth_app.customuser", "pk": 31, "fields": {"password": "pbkdf2_sha256$870000$KqCyQPsKTPZZM7acf9h7OV$iojJvCxQcpV2vcShNsoTzIHuZ8S9Cvq8iIk4lT2xXLY=", "last_login": null, "is_superuser": false, "email": "test2@gmail.com", "name": "test2", "is_active": true, "is_staff": false, "color": 25, "avatar": "T", "phone": null, "groups": [], "user_permissions": []}}, {"model": "authtoken.token", "pk": "42a05db57552cdc24d7570b229f9c62448927b2b", "fields": {"user": 31, "created": "2025-02-13T22:52:41.751Z"}}, {"model": "authtoken.token", "pk": "6620f55c94223c1dac45a8a3ade29730cb695073", "fields": {"user": 29, "created": "2025-02-13T15:20:39.302Z"}}, {"model": "authtoken.token", "pk": "cd2868c129ce152ca6a15d47aec520b0d9fdb519", "fields": {"user": 30, "created": "2025-02-13T22:49:22.552Z"}}, {"model": "authtoken.token", "pk": "f054c97e78502f93604b8cde5dfc97b6e0f98772", "fields": {"user": 21, "created": "2025-01-27T13:13:53.397Z"}}, {"model": "workspaces.workspace", "pk": 93, "fields": {"name": "Dogan's Workspace", "owner": 21, "join_code": "05bce675", "members": [21, 29]}}, {"model": "workspaces.workspace", "pk": 108, "fields": {"name": "Guest's Workspace", "owner": 29, "join_code": "28e6cc3c", "members": [21, 29]}}, {"model": "workspaces.workspace", "pk": 109, "fields": {"name": "test", "owner": 30, "join_code": "8bf725ae", "members": [30]}}]
